winnerPlayer,nodeCount,time
1,6,0.000000
2,4,0.000000
1,4,0.000000
2,742,0.248698
